Temperature (C),Pressure (bar),"Density (l, kg/m3)","Volume (l, m3/kg)","Internal Energy (l, kJ/kg)","Enthalpy (l, kJ/kg)","Entropy (l, J/g*K)","Cv (l, J/g*K)","Cp (l, J/g*K)","Sound Spd. (l, m/s)","Joule-Thomson (l, K/bar)","Viscosity (l, uPa*s)","Therm. Cond. (l, W/m*K)","Surf. Tension (l, N/m)","Density (v, kg/m3)","Volume (v, m3/kg)","Internal Energy (v, kJ/kg)","Enthalpy (v, kJ/kg)","Entropy (v, J/g*K)","Cv (v, J/g*K)","Cp (v, J/g*K)","Sound Spd. (v, m/s)","Joule-Thomson (v, K/bar)","Viscosity (v, uPa*s)","Therm. Cond. (v, W/m*K)"
-21.850,17.000,1005.6,0.00099438,118.61,120.30,0.54793,0.91034,1.9676,707.77,0.0035722,120.50,0.12537,0.0094803,44.122,0.022664,361.81,400.34,1.6623,0.79520,1.2798,218.78,1.8125,13.339,0.015103
-19.946,18.000,997.85,0.0010022,122.25,124.05,0.56242,0.91002,1.9852,695.22,0.0054761,117.77,0.12323,0.0091082,46.805,0.021365,362.02,400.48,1.6541,0.80192,1.3056,218.34,1.7789,13.485,0.015370
-18.117,19.000,990.25,0.0010099,125.77,127.69,0.57632,0.90976,2.0032,683.10,0.0074151,115.20,0.12119,0.0087533,49.514,0.020196,362.19,400.56,1.6463,0.80844,1.3319,217.87,1.7477,13.627,0.015636
-16.357,20.000,982.81,0.0010175,129.18,131.21,0.58970,0.90957,2.0216,671.38,0.0093921,112.77,0.11923,0.0084141,52.249,0.019139,362.32,400.60,1.6387,0.81477,1.3587,217.39,1.7187,13.767,0.015902
-14.661,21.000,975.54,0.0010251,132.48,134.64,0.60260,0.90945,2.0405,660.03,0.011410,110.48,0.11735,0.0080891,55.011,0.018178,362.41,400.59,1.6315,0.82095,1.3860,216.88,1.6915,13.905,0.016168
-13.022,22.000,968.40,0.0010326,135.70,137.97,0.61506,0.90938,2.0600,649.00,0.013472,108.29,0.11553,0.0077773,57.803,0.017300,362.47,400.53,1.6244,0.82697,1.4140,216.37,1.6660,14.040,0.016435
-11.436,23.000,961.38,0.0010402,138.83,141.22,0.62713,0.90937,2.0800,638.26,0.015582,106.22,0.11378,0.0074777,60.625,0.016495,362.50,400.43,1.6176,0.83287,1.4427,215.84,1.6419,14.174,0.016704
-9.8995,24.000,954.48,0.0010477,141.89,144.40,0.63883,0.90941,2.1007,627.80,0.017741,104.23,0.11209,0.0071893,63.479,0.015753,362.49,400.30,1.6109,0.83865,1.4722,215.30,1.6192,14.306,0.016974
-8.4091,25.000,947.68,0.0010552,144.87,147.51,0.65020,0.90950,2.1220,617.59,0.019954,102.33,0.11046,0.0069114,66.366,0.015068,362.45,400.12,1.6044,0.84433,1.5025,214.74,1.5976,14.437,0.017247
-6.9615,26.000,940.97,0.0010627,147.79,150.55,0.66127,0.90964,2.1440,607.60,0.022224,100.50,0.10887,0.0066433,69.288,0.014433,362.39,399.91,1.5980,0.84992,1.5338,214.18,1.5772,14.567,0.017523
-5.5538,27.000,934.34,0.0010703,150.64,153.53,0.67204,0.90983,2.1668,597.83,0.024554,98.744,0.10734,0.0063843,72.246,0.013842,362.29,399.66,1.5918,0.85542,1.5661,213.60,1.5576,14.696,0.017803
-4.1836,28.000,927.78,0.0010778,153.44,156.46,0.68256,0.91007,2.1904,588.25,0.026948,97.050,0.10585,0.0061340,75.243,0.013290,362.17,399.38,1.5857,0.86086,1.5995,213.02,1.5390,14.824,0.018086
-2.8487,29.000,921.29,0.0010854,156.19,159.34,0.69283,0.91035,2.2149,578.84,0.029410,95.414,0.10440,0.0058917,78.278,0.012775,362.02,399.06,1.5797,0.86623,1.6342,212.43,1.5211,14.952,0.018374
-1.5469,30.000,914.85,0.0010931,158.89,162.17,0.70288,0.91069,2.2403,569.60,0.031945,93.831,0.10300,0.0056570,81.356,0.012292,361.84,398.72,1.5738,0.87154,1.6701,211.83,1.5040,15.079,0.018667
-0.27644,31.000,908.47,0.0011008,161.55,164.96,0.71272,0.91108,2.2667,560.51,0.034556,92.296,0.10163,0.0054296,84.476,0.011838,361.64,398.34,1.5680,0.87681,1.7075,211.22,1.4875,15.206,0.018965
0.96443,32.000,902.13,0.0011085,164.16,167.71,0.72236,0.91151,2.2943,551.55,0.037248,90.807,0.10029,0.0052090,87.641,0.011410,361.41,397.92,1.5622,0.88204,1.7465,210.60,1.4716,15.333,0.019270
2.1772,33.000,895.82,0.0011163,166.73,170.42,0.73182,0.91200,2.3231,542.72,0.040026,89.359,0.098996,0.0049949,90.854,0.011007,361.16,397.48,1.5565,0.88724,1.7872,209.98,1.4562,15.461,0.019581
3.3634,34.000,889.55,0.0011242,169.27,173.09,0.74112,0.91253,2.3531,534.01,0.042895,87.950,0.097730,0.0047871,94.116,0.010625,360.88,397.01,1.5509,0.89241,1.8297,209.35,1.4413,15.588,0.019900
4.5243,35.000,883.30,0.0011321,171.78,175.74,0.75025,0.91313,2.3845,525.40,0.045862,86.575,0.096495,0.0045851,97.429,0.010264,360.58,396.50,1.5453,0.89755,1.8742,208.72,1.4268,15.716,0.020226
5.6610,36.000,877.08,0.0011402,174.25,178.35,0.75925,0.91377,2.4175,516.89,0.048932,85.234,0.095290,0.0043888,100.80,0.0099209,360.25,395.96,1.5397,0.90269,1.9209,208.08,1.4127,15.845,0.020562
6.7747,37.000,870.86,0.0011483,176.69,180.94,0.76810,0.91447,2.4521,508.47,0.052111,83.922,0.094112,0.0041978,104.22,0.0095949,359.89,395.39,1.5342,0.90781,1.9700,207.43,1.3990,15.974,0.020907
7.8664,38.000,864.65,0.0011565,179.11,183.51,0.77683,0.91524,2.4885,500.13,0.055408,82.638,0.092962,0.0040121,107.71,0.0092846,359.51,394.80,1.5287,0.91294,2.0217,206.78,1.3856,16.104,0.021262
8.9370,39.000,858.45,0.0011649,181.50,186.05,0.78545,0.91606,2.5268,491.86,0.058830,81.380,0.091838,0.0038314,111.25,0.0089886,359.11,394.16,1.5232,0.91807,2.0762,206.12,1.3724,16.235,0.021629
9.9876,40.000,852.24,0.0011734,183.87,188.57,0.79395,0.91695,2.5673,483.65,0.062385,80.146,0.090739,0.0036554,114.86,0.0087059,358.68,393.50,1.5177,0.92320,2.1339,205.46,1.3595,16.368,0.022008
11.019,41.000,846.02,0.0011820,186.22,191.07,0.80236,0.91791,2.6102,475.50,0.066082,78.934,0.089664,0.0034841,118.55,0.0084356,358.22,392.80,1.5123,0.92836,2.1950,204.79,1.3469,16.502,0.022400
12.031,42.000,839.79,0.0011908,188.56,193.56,0.81068,0.91894,2.6556,467.40,0.069931,77.741,0.088612,0.0033172,122.30,0.0081766,357.73,392.07,1.5068,0.93353,2.2598,204.12,1.3344,16.638,0.022807
13.026,43.000,833.54,0.0011997,190.87,196.03,0.81892,0.92004,2.7039,459.35,0.073944,76.568,0.087583,0.0031547,126.13,0.0079282,357.22,391.31,1.5013,0.93873,2.3289,203.44,1.3220,16.775,0.023229
14.004,44.000,827.26,0.0012088,193.17,198.49,0.82708,0.92123,2.7554,451.32,0.078132,75.411,0.086577,0.0029963,130.05,0.0076896,356.67,390.51,1.4958,0.94396,2.4026,202.76,1.3098,16.915,0.023669
14.965,45.000,820.94,0.0012181,195.46,200.94,0.83518,0.92250,2.8103,443.33,0.082508,74.269,0.085591,0.0028420,134.05,0.0074601,356.10,389.67,1.4902,0.94923,2.4815,202.07,1.2977,17.056,0.024127
15.910,46.000,814.59,0.0012276,197.74,203.38,0.84322,0.92386,2.8692,435.36,0.087088,73.141,0.084627,0.0026916,138.14,0.0072391,355.50,388.80,1.4846,0.95455,2.5661,201.37,1.2856,17.201,0.024606
16.839,47.000,808.19,0.0012373,200.00,205.82,0.85121,0.92532,2.9324,427.40,0.091886,72.026,0.083684,0.0025451,142.33,0.0070259,354.86,387.88,1.4790,0.95993,2.6572,200.68,1.2735,17.348,0.025108
17.754,48.000,801.73,0.0012473,202.27,208.25,0.85916,0.92689,3.0006,419.46,0.096922,70.921,0.082761,0.0024023,146.62,0.0068201,354.19,386.93,1.4734,0.96536,2.7555,199.97,1.2615,17.498,0.025635
18.654,49.000,795.20,0.0012575,204.52,210.68,0.86707,0.92856,3.0743,411.51,0.10221,69.826,0.081858,0.0022631,151.03,0.0066211,353.49,385.93,1.4676,0.97086,2.8620,199.27,1.2494,17.652,0.026189
19.540,50.000,788.60,0.0012681,206.78,213.12,0.87496,0.93036,3.1544,403.56,0.10779,68.739,0.080977,0.0021275,155.56,0.0064285,352.74,384.89,1.4618,0.97643,2.9778,198.56,1.2373,17.809,0.026773
20.413,51.000,781.92,0.0012789,209.03,215.55,0.88284,0.93229,3.2416,395.60,0.11366,67.658,0.080116,0.0019954,160.21,0.0062417,351.96,383.80,1.4559,0.98210,3.1043,197.84,1.2251,17.970,0.027390
21.272,52.000,775.14,0.0012901,211.29,217.99,0.89071,0.93436,3.3371,387.62,0.11987,66.582,0.079277,0.0018667,165.01,0.0060603,351.14,382.66,1.4500,0.98785,3.2429,197.12,1.2128,18.137,0.028045
22.119,53.000,768.25,0.0013017,213.55,220.45,0.89858,0.93659,3.4422,379.62,0.12644,65.510,0.078460,0.0017414,169.95,0.0058839,350.28,381.46,1.4439,0.99371,3.3957,196.39,1.2002,18.308,0.028742
22.953,54.000,761.24,0.0013136,215.82,222.91,0.90647,0.93899,3.5584,371.57,0.13342,64.440,0.077667,0.0016195,175.06,0.0057122,349.36,380.21,1.4377,0.99969,3.5648,195.66,1.1875,18.485,0.029485
23.775,55.000,754.09,0.0013261,218.10,225.39,0.91439,0.94158,3.6877,363.49,0.14083,63.369,0.076899,0.0015008,180.35,0.0055447,348.40,378.90,1.4314,1.0058,3.7532,194.93,1.1746,18.668,0.030282
24.585,56.000,746.79,0.0013391,220.39,227.89,0.92236,0.94437,3.8326,355.35,0.14874,62.296,0.076159,0.0013853,185.84,0.0053810,347.38,377.52,1.4249,1.0121,3.9645,194.19,1.1613,18.858,0.031138
25.384,57.000,739.30,0.0013526,222.71,230.42,0.93038,0.94740,3.9961,347.15,0.15720,61.219,0.075450,0.0012731,191.54,0.0052208,346.30,376.06,1.4182,1.0185,4.2030,193.44,1.1477,19.057,0.032063
26.171,58.000,731.61,0.0013668,225.05,232.97,0.93847,0.95069,4.1822,338.87,0.16626,60.136,0.074778,0.0011641,197.49,0.0050636,345.16,374.53,1.4114,1.0251,4.4745,192.69,1.1337,19.264,0.033068
26.947,59.000,723.69,0.0013818,227.41,235.57,0.94667,0.95426,4.3959,330.51,0.17602,59.043,0.074147,0.0010583,203.70,0.0049091,343.95,372.91,1.4043,1.0318,4.7866,191.93,1.1191,19.482,0.034165
27.712,60.000,715.50,0.0013976,229.82,238.21,0.95499,0.95817,4.6443,322.05,0.18656,57.937,0.073568,0.00095566,210.22,0.0047568,342.65,371.19,1.3970,1.0389,5.1490,191.16,1.1041,19.711,0.035371
28.467,61.000,707.00,0.0014144,232.27,240.90,0.96345,0.96246,4.9366,313.47,0.19799,56.815,0.073052,0.00085628,217.09,0.0046064,341.26,369.36,1.3894,1.0461,5.5750,190.39,1.0883,19.954,0.036706
29.211,62.000,698.13,0.0014324,234.77,243.65,0.97211,0.96719,5.2858,304.75,0.21044,55.671,0.072616,0.00076015,224.36,0.0044571,339.77,367.41,1.3814,1.0537,6.0833,189.61,1.0717,20.213,0.038199
29.945,63.000,688.83,0.0014517,237.34,246.49,0.98100,0.97244,5.7107,295.88,0.22410,54.500,0.072285,0.00066734,232.10,0.0043086,338.16,365.31,1.3730,1.0615,6.7003,188.82,1.0542,20.492,0.039885
30.669,64.000,679.00,0.0014728,240.00,249.42,0.99019,0.97830,6.2391,286.82,0.23916,53.294,0.072095,0.00057791,240.39,0.0041600,336.41,363.04,1.3641,1.0698,7.4653,188.02,1.0356,20.793,0.041816
31.382,65.000,668.53,0.0014958,242.76,252.48,0.99976,0.98492,6.9145,277.54,0.25590,52.042,0.072098,0.00049197,249.35,0.0040104,334.49,360.56,1.3547,1.0785,8.4387,187.20,1.0156,21.122,0.044062
32.086,66.000,657.25,0.0015215,245.66,255.70,1.0098,0.99246,7.8085,267.99,0.27468,50.732,0.072376,0.00040967,259.15,0.0038588,332.37,357.83,1.3444,1.0877,9.7195,186.38,0.99391,21.487,0.046732
32.779,67.000,644.93,0.0015506,248.73,259.12,1.0205,1.0012,9.0475,258.11,0.29602,49.343,0.073052,0.00033121,270.02,0.0037035,329.98,354.79,1.3332,1.0975,11.481,185.53,0.97001,21.898,0.049997
33.463,68.000,631.19,0.0015843,252.06,262.83,1.0321,1.0115,10.878,247.81,0.32066,47.844,0.074337,0.00025687,282.32,0.0035421,327.24,351.33,1.3207,1.1081,14.054,184.66,0.94319,22.373,0.054151
34.136,69.000,615.40,0.0016249,255.75,266.96,1.0450,1.0241,13.849,236.96,0.34975,46.184,0.076615,0.00018707,296.67,0.0033707,324.01,347.27,1.3064,1.1196,18.168,183.77,0.91228,22.940,0.059759
34.799,70.000,596.38,0.0016768,260.03,271.76,1.0601,1.0401,19.467,225.31,0.38537,44.264,0.080758,0.00012247,314.26,0.0031821,320.03,342.30,1.2892,1.1324,25.779,182.84,0.87508,23.658,0.062187
35.450,71.000,571.22,0.0017506,265.44,277.87,1.0794,1.0624,33.781,212.33,0.43214,41.854,0.089586,6.4276e-05,337.90,0.0029595,314.63,335.65,1.2666,1.1468,44.489,181.87,0.82650,24.666,0.065122
36.089,72.000,528.08,0.0018937,274.26,287.90,1.1112,1.1012,125.13,196.28,0.50750,38.028,0.098128,1.5401e-05,379.24,0.0026369,305.27,324.26,1.2288,1.1627,154.96,181.01,0.74678,26.572,0.070597
