Aurdino time, Nitrogen pressure, Line pressure, Chamber pressure, Oxidizer feeding pressure, Load cell, Heating blanket temperature, Not connected, Nozzle temperature, Piping temperature, Plume temperature, Dump valve button status, Heating button status, Ignition button status, N2 Feeding button status, Oxidizer valve button status, Ignition SW state, Valve SW state, Current SW mode, Current SW substate, Message index
624,0.10,-0.20,0.00,0.45,-19.43,0.00,0,0.00,0.00,0.00,0,0,0,0,0,0,0,2,0,0
21080,0.10,-0.20,0.00,0.45,-19.43,0.00,0,0.00,0.00,0.00,0,0,0,0,0,0,0,2,0,0
41536,0.10,-0.20,0.00,0.45,-20.79,0.00,0,0.00,0.00,0.00,0,0,0,0,0,0,0,2,0,0
61984,0.10,-0.20,0.00,0.45,-18.07,0.00,0,0.00,0.00,0.00,0,0,0,0,0,0,0,2,0,0
82440,0.10,-0.20,0.00,0.65,-18.07,0.00,0,0.00,0.00,0.00,0,0,0,0,0,0,0,2,0,0
103064,0.10,-0.20,0.00,0.45,-19.43,19.89,0,19.25,15.25,19.68,0,0,0,0,0,0,0,2,0,0
123616,0.10,-0.20,0.00,0.35,-19.43,19.89,0,19.25,15.25,19.68,0,0,0,0,0,0,0,2,0,0
144072,0.10,-0.20,0.00,0.65,-19.43,19.89,0,19.25,15.25,19.68,0,0,0,0,0,0,0,2,0,0
164528,0.10,-0.20,0.00,0.65,-19.43,19.89,0,19.25,15.25,19.68,0,0,0,0,0,0,0,2,0,0
184984,0.10,-0.20,0.00,0.55,-18.07,19.89,0,19.25,15.25,19.68,0,0,0,0,0,0,0,2,0,0
205600,0.10,-0.20,0.00,0.55,-19.43,18.43,0,17.00,15.25,19.68,0,0,0,0,0,0,0,2,0,0
226160,0.10,-0.20,0.00,0.45,-18.07,18.43,0,17.00,15.25,19.68,0,0,0,0,0,0,0,2,0,0
246616,0.10,-0.20,0.00,0.45,-20.79,18.43,0,17.00,15.25,19.68,0,0,0,0,0,0,0,2,0,0
267080,0.10,-0.20,0.00,0.65,-19.43,18.43,0,17.00,15.25,19.68,0,0,0,0,0,0,0,2,0,0
287536,0.10,-0.20,0.00,0.45,-18.07,18.43,0,17.00,15.25,19.68,0,0,0,0,0,0,0,2,0,0
308160,0.10,-0.20,0.00,0.35,-19.43,15.98,0,18.25,15.00,19.68,0,0,0,0,0,0,0,2,0,0
328720,0.10,-0.20,0.00,0.55,-19.43,15.98,0,18.25,15.00,19.68,0,0,0,0,0,0,0,2,0,0
349168,0.10,-0.20,0.00,0.45,-18.07,15.98,0,18.25,15.00,19.68,0,0,0,0,0,0,0,2,0,0
369648,0.10,-0.20,0.00,0.65,-20.79,15.98,0,18.25,15.00,19.68,0,0,0,0,0,0,0,2,0,0
390128,0.10,-0.20,0.00,0.45,-19.43,15.98,0,18.25,15.00,19.68,0,0,0,0,0,0,0,2,0,0
410768,0.10,-0.20,0.00,0.65,-18.07,14.52,0,18.25,15.00,19.68,0,0,0,0,0,0,0,2,0,0
431320,0.10,-0.20,0.00,0.74,-19.43,14.52,0,18.25,15.00,19.68,0,0,0,0,0,0,0,2,0,0
451776,0.10,-0.20,0.00,0.65,-20.79,14.52,0,18.25,15.00,19.68,0,0,0,0,0,0,0,2,0,0
472224,0.10,-0.20,0.00,0.35,-19.43,14.52,0,18.25,15.00,19.68,0,0,0,0,0,0,0,2,0,0
492688,0.10,-0.20,0.00,0.45,-19.43,14.52,0,18.25,15.00,19.68,0,0,0,0,0,0,0,2,0,0
513304,0.10,-0.20,0.00,0.35,-18.07,14.03,0,18.00,15.50,19.68,0,0,0,0,0,0,0,2,0,0
533856,0.10,-0.20,0.00,0.65,-19.43,14.03,0,18.00,15.50,19.68,0,0,0,0,0,0,0,2,0,0
554312,0.10,-0.20,0.00,0.45,-19.43,14.03,0,18.00,15.50,19.68,0,0,0,0,0,0,0,2,0,0
574768,0.10,-0.20,0.00,0.65,-22.15,14.03,0,18.00,15.50,19.68,0,0,0,0,0,0,0,2,0,0
595216,0.10,-0.20,0.00,0.55,-18.07,14.03,0,18.00,15.50,19.68,0,0,0,0,0,0,0,2,0,0
615832,0.10,-0.20,0.00,0.65,-19.43,14.03,0,18.75,14.00,19.68,0,0,0,0,0,0,0,2,0,0
636384,0.10,-0.20,0.00,0.65,-19.43,14.03,0,18.75,14.00,19.68,0,0,0,0,0,0,0,2,0,0
656832,0.10,-0.20,0.00,0.55,-22.15,14.03,0,18.75,14.00,19.68,0,0,0,0,0,0,0,2,0,0
677280,0.10,-0.20,0.00,0.65,-19.43,14.03,0,18.75,14.00,19.68,0,0,0,0,0,0,0,2,0,0
697736,0.10,-0.20,0.00,0.45,-19.43,14.03,0,18.75,14.00,19.68,0,0,0,0,0,0,0,2,0,0
718352,0.10,-0.20,0.00,0.65,-19.43,12.56,0,18.75,13.25,19.68,0,0,0,0,0,0,0,2,0,0
738904,0.10,-0.20,0.00,0.55,-20.79,12.56,0,18.75,13.25,19.68,0,0,0,0,0,0,0,2,0,0
759352,0.10,-0.20,0.00,0.35,-18.07,12.56,0,18.75,13.25,19.68,0,0,0,0,0,0,0,2,0,0
779808,0.10,-0.20,0.00,0.55,-18.07,12.56,0,18.75,13.25,19.68,0,0,0,0,0,0,0,2,0,0
800256,0.10,-0.20,0.00,0.65,-18.07,12.56,0,18.75,13.25,19.68,0,0,0,0,0,0,0,2,0,0
820872,0.10,-0.20,0.00,0.45,-19.43,14.03,0,18.75,12.50,19.68,0,0,0,0,0,0,0,2,0,0
841424,0.10,-0.20,0.00,0.74,-18.07,14.03,0,18.75,12.50,19.68,0,0,0,0,0,0,0,2,0,0
861880,0.10,-0.20,0.00,0.45,-19.43,14.03,0,18.75,12.50,19.68,0,0,0,0,0,0,0,2,0,0
882336,0.10,-0.20,0.00,0.65,-19.43,14.03,0,18.75,12.50,19.68,0,0,0,0,0,0,0,2,0,0
902784,0.10,-0.20,0.00,0.55,-18.07,14.03,0,18.75,12.50,19.68,0,0,0,0,0,0,0,2,0,0
923400,0.10,-0.20,0.00,0.45,-18.07,14.52,0,18.50,13.25,19.68,0,0,0,0,0,0,0,2,0,0
943952,0.10,-0.20,0.00,0.74,-20.79,14.52,0,18.50,13.25,19.68,0,0,0,0,0,0,0,2,0,0
964408,0.10,-0.20,0.00,0.35,-18.07,14.52,0,18.50,13.25,19.68,0,0,0,0,0,0,0,2,0,0
984864,0.10,-0.20,0.00,0.45,-18.07,14.52,0,18.50,13.25,19.68,0,0,0,0,0,0,0,2,0,0
1005304,0.10,-0.20,0.00,0.65,-19.43,14.52,0,18.50,13.25,19.68,0,0,0,0,0,0,0,2,0,0
1025920,0.10,-0.20,0.00,0.55,-19.43,14.03,0,18.50,13.50,20.73,0,0,0,0,0,0,0,2,0,0
1046472,0.10,-0.20,0.00,0.74,-18.07,14.03,0,18.50,13.50,20.73,0,0,0,0,0,0,0,2,0,0
1066936,0.10,-0.20,0.00,0.65,-19.43,14.03,0,18.50,13.50,20.73,0,0,0,0,0,0,0,2,0,0
1087392,0.10,-0.20,0.00,0.65,-19.43,14.03,0,18.50,13.50,20.73,0,0,0,0,0,0,0,2,0,0
1107848,0.10,-0.20,0.00,0.55,-18.07,14.03,0,18.50,13.50,20.73,0,0,0,0,0,0,0,2,0,0
1128472,0.10,-0.20,0.00,0.35,-19.43,12.07,0,18.25,13.75,19.68,0,0,0,0,0,0,0,2,0,0
1149024,0.10,-0.20,0.00,0.65,-19.43,12.07,0,18.25,13.75,19.68,0,0,0,0,0,0,0,2,0,0
1169480,0.10,-0.20,0.00,0.65,-18.07,12.07,0,18.25,13.75,19.68,0,0,0,0,0,0,0,2,0,0
1189944,0.10,-0.20,0.00,0.65,-19.43,12.07,0,18.25,13.75,19.68,0,0,0,0,0,0,0,2,0,0
1210400,0.10,-0.20,0.00,0.55,-19.43,12.07,0,18.25,13.75,19.68,0,0,0,0,0,0,0,2,0,0
1231024,0.10,-0.20,0.00,0.45,-19.43,10.61,0,18.50,13.00,19.68,0,0,0,0,0,0,0,2,0,0
1251576,0.10,-0.20,0.00,0.74,-19.43,10.61,0,18.50,13.00,19.68,0,0,0,0,0,0,0,2,0,0
1272024,0.10,-0.20,0.00,0.35,-19.43,10.61,0,18.50,13.00,19.68,0,0,0,0,0,0,0,2,0,0
1292472,0.10,-0.20,0.00,0.55,-19.43,10.61,0,18.50,13.00,19.68,0,0,0,0,0,0,0,2,0,0
1312928,0.10,-0.20,0.00,0.55,-19.43,10.61,0,18.50,13.00,19.68,0,0,0,0,0,0,0,2,0,0
1333560,0.10,-0.20,0.00,0.65,-19.43,10.61,0,18.75,13.00,19.68,0,0,0,0,0,0,0,2,0,0
1354104,0.10,-0.20,0.00,0.65,-18.07,10.61,0,18.75,13.00,19.68,0,0,0,0,0,0,0,2,0,0
1374560,0.10,-0.20,0.00,0.55,-18.07,10.61,0,18.75,13.00,19.68,0,0,0,0,0,0,0,2,0,0
1395008,0.10,-0.20,0.00,0.55,-19.43,10.61,0,18.75,13.00,19.68,0,0,0,0,0,0,0,2,0,0
1415464,0.10,-0.20,0.00,0.65,-19.43,10.61,0,18.75,13.00,19.68,0,0,0,0,0,0,0,2,0,0
1436080,0.10,-0.20,0.00,0.55,-18.07,10.61,0,18.25,13.25,19.68,0,0,0,0,0,0,0,2,0,0
1456632,0.10,-0.20,0.00,0.55,-19.43,10.61,0,18.25,13.25,19.68,0,0,0,0,0,0,0,2,0,0
1477080,0.10,-0.20,0.00,0.35,-19.43,10.61,0,18.25,13.25,19.68,0,0,0,0,0,0,0,2,0,0
1497536,0.10,-0.20,0.00,0.45,-19.43,10.61,0,18.25,13.25,19.68,0,0,0,0,0,0,0,2,0,0
1517984,0.10,-0.20,0.00,0.65,-18.07,10.61,0,18.25,13.25,19.68,0,0,0,0,0,0,0,2,0,0
1538600,0.10,-0.20,0.00,0.35,-18.07,9.63,0,19.00,12.25,19.68,0,0,0,0,0,0,0,2,0,0
1559152,0.10,-0.20,0.00,0.45,-19.43,9.63,0,19.00,12.25,19.68,0,0,0,0,0,0,0,2,0,0
1579600,0.10,-0.20,0.00,0.35,-19.43,9.63,0,19.00,12.25,19.68,0,0,0,0,0,0,0,2,0,0
1600056,0.10,-0.20,0.00,0.74,-18.07,9.63,0,19.00,12.25,19.68,0,0,0,0,0,0,0,2,0,0
1620504,0.10,-0.20,0.00,0.55,-19.43,9.63,0,19.00,12.25,19.68,0,0,0,0,0,0,0,2,0,0
1641120,0.10,-0.20,0.00,0.65,-18.07,9.63,0,18.25,13.25,19.68,0,0,0,0,0,0,0,2,0,0
1661672,0.10,-0.20,0.00,0.55,-18.07,9.63,0,18.25,13.25,19.68,0,0,0,0,0,0,0,2,0,0
1682128,0.10,-0.20,0.00,0.65,-19.43,9.63,0,18.25,13.25,19.68,0,0,0,0,0,0,0,2,0,0
1702576,0.10,-0.20,0.00,0.55,-19.43,9.63,0,18.25,13.25,19.68,0,0,0,0,0,0,0,2,0,0
1723032,0.10,-0.20,0.00,0.55,-19.43,9.63,0,18.25,13.25,19.68,0,0,0,0,0,0,0,2,0,0
1743648,0.10,-0.20,0.00,0.45,-19.43,11.58,0,18.75,13.50,19.68,0,0,0,0,0,0,0,2,0,0
1764208,0.10,-0.20,0.00,0.55,-18.07,11.58,0,18.75,13.50,19.68,0,0,0,0,0,0,0,2,0,0
1784664,0.10,-0.20,0.00,0.55,-18.07,11.58,0,18.75,13.50,19.68,0,0,0,0,0,0,0,2,0,0
1805128,0.10,-0.20,0.00,0.45,-19.43,11.58,0,18.75,13.50,19.68,0,0,0,0,0,0,0,2,0,0
1825568,0.10,-0.20,0.00,0.74,-19.43,11.58,0,18.75,13.50,19.68,0,0,0,0,0,0,0,2,0,0
1846192,0.10,-0.20,0.00,0.74,-19.43,11.58,0,18.75,12.50,19.68,0,0,0,0,0,0,0,2,0,0
1866744,0.10,-0.20,0.00,0.65,-18.07,11.58,0,18.75,12.50,19.68,0,0,0,0,0,0,0,2,0,0
1887216,0.10,-0.20,0.00,0.74,-19.43,11.58,0,18.75,12.50,19.68,0,0,0,0,0,0,0,2,0,0
1907688,0.10,-0.20,0.00,0.45,-19.43,11.58,0,18.75,12.50,19.68,0,0,0,0,0,0,0,2,0,0
1928160,0.10,-0.20,0.00,0.55,-19.43,11.58,0,18.75,12.50,19.68,0,0,0,0,0,0,0,2,0,0
1948784,0.10,-0.20,0.00,0.65,-19.43,9.63,0,18.75,14.25,19.68,0,0,0,0,0,0,0,2,0,0
1969336,0.10,-0.20,0.00,0.74,-19.43,9.63,0,18.75,14.25,19.68,0,0,0,0,0,0,0,2,0,0
1989792,0.10,-0.20,0.00,0.74,-18.07,9.63,0,18.75,14.25,19.68,0,0,0,0,0,0,0,2,0,0
2010248,0.10,-0.20,0.00,0.65,-19.43,9.63,0,18.75,14.25,19.68,0,0,0,0,0,0,0,2,0,0
2030696,0.10,-0.20,0.00,0.45,-18.07,9.63,0,18.75,14.25,19.68,0,0,0,0,0,0,0,2,0,0
2051320,0.10,-0.20,0.00,0.45,-19.43,8.16,0,19.00,13.00,19.68,0,0,0,0,0,0,0,2,0,0
2071864,0.10,-0.20,0.00,0.55,-19.43,8.16,0,19.00,13.00,19.68,0,0,0,0,0,0,0,2,0,0
2092320,0.10,-0.20,0.00,0.55,-19.43,8.16,0,19.00,13.00,19.68,0,0,0,0,0,0,0,2,0,0
2112776,0.10,-0.20,0.00,0.65,-19.43,8.16,0,19.00,13.00,19.68,0,0,0,0,0,0,0,2,0,0
2133224,0.10,-0.20,0.00,0.65,-19.43,8.16,0,19.00,13.00,19.68,0,0,0,0,0,0,0,2,0,0
2153840,0.10,-0.20,0.00,0.65,-19.43,8.16,0,19.25,13.75,19.68,0,0,0,0,0,0,0,2,0,0
2174392,0.10,-0.20,0.00,0.35,-18.07,8.16,0,19.25,13.75,19.68,0,0,0,0,0,0,0,2,0,0
2194848,0.10,-0.20,0.00,0.55,-19.43,8.16,0,19.25,13.75,19.68,0,0,0,0,0,0,0,2,0,0
2215296,0.10,-0.20,0.00,0.65,-19.43,8.16,0,19.25,13.75,19.68,0,0,0,0,0,0,0,2,0,0
2235744,0.10,-0.20,0.00,0.45,-19.43,8.16,0,19.25,13.75,19.68,0,0,0,0,0,0,0,2,0,0
2256368,0.10,-0.20,0.00,0.45,-18.07,8.65,0,19.25,13.75,19.68,0,0,0,0,0,0,0,2,0,0
2276912,0.10,-0.20,0.00,0.55,-19.43,8.65,0,19.25,13.75,19.68,0,0,0,0,0,0,0,2,0,0
2297368,0.10,-0.20,0.00,0.35,-19.43,8.65,0,19.25,13.75,19.68,0,0,0,0,0,0,0,2,0,0
2317816,0.10,-0.20,0.00,0.55,-19.43,8.65,0,19.25,13.75,19.68,0,0,0,0,0,0,0,2,0,0
2338264,0.10,-0.20,0.00,0.65,-19.43,8.65,0,19.25,13.75,19.68,0,0,0,0,0,0,0,2,0,0
2358888,0.10,-0.20,0.00,0.55,-22.15,8.16,0,19.00,13.00,19.68,0,0,0,0,0,0,0,2,0,0
2379448,0.10,-0.20,0.00,0.45,-19.43,8.16,0,19.00,13.00,19.68,0,0,0,0,0,0,0,2,0,0
2399904,0.10,-0.20,0.00,0.55,-19.43,8.16,0,19.00,13.00,19.68,0,0,0,0,0,0,0,2,0,0
2420352,0.10,-0.20,0.00,0.65,-19.43,8.16,0,19.00,13.00,19.68,0,0,0,0,0,0,0,2,0,0
2440808,0.10,-0.20,0.00,0.45,-20.79,8.16,0,19.00,13.00,19.68,0,0,0,0,0,0,0,2,0,0
2461424,0.10,-0.20,0.00,0.65,-18.07,7.67,0,18.75,13.25,19.68,0,0,0,0,0,0,0,2,0,0
2481976,0.10,-0.20,0.00,0.55,-19.43,7.67,0,18.75,13.25,19.68,0,0,0,0,0,0,0,2,0,0
2502424,0.10,-0.20,0.00,0.65,-19.43,7.67,0,18.75,13.25,19.68,0,0,0,0,0,0,0,2,0,0
2522880,0.10,-0.20,0.00,0.65,-19.43,7.67,0,18.75,13.25,19.68,0,0,0,0,0,0,0,2,0,0
2543328,0.10,-0.20,0.00,0.35,-18.07,7.67,0,18.75,13.25,19.68,0,0,0,0,0,0,0,2,0,0
2563952,0.10,-0.20,0.00,0.74,-19.43,9.14,0,18.50,12.75,19.68,0,0,0,0,0,0,0,2,0,0
2584512,0.10,-0.20,0.00,0.45,-19.43,9.14,0,18.50,12.75,19.68,0,0,0,0,0,0,0,2,0,0
2604968,0.10,-0.20,0.00,0.55,-19.43,9.14,0,18.50,12.75,19.68,0,0,0,0,0,0,0,2,0,0
2625424,0.10,-0.20,0.00,0.45,-18.07,9.14,0,18.50,12.75,19.68,0,0,0,0,0,0,0,2,0,0
2645888,0.10,-0.20,0.00,0.45,-22.15,9.14,0,18.50,12.75,19.68,0,0,0,0,0,0,0,2,0,0
2666512,0.10,-0.20,0.00,0.45,-19.43,10.61,0,18.25,13.00,19.68,0,0,0,0,0,0,0,2,0,0
2687064,0.10,-0.20,0.00,0.74,-19.43,10.61,0,18.25,13.00,19.68,0,0,0,0,0,0,0,2,0,0
2707512,0.10,-0.20,0.00,0.65,-19.43,10.61,0,18.25,13.00,19.68,0,0,0,0,0,0,0,2,0,0
2727968,0.10,-0.20,0.00,0.74,-20.79,10.61,0,18.25,13.00,19.68,0,0,0,0,0,0,0,2,0,0
2748432,0.10,-0.20,0.00,0.35,-18.07,10.61,0,18.25,13.00,19.68,0,0,0,0,0,0,0,2,0,0
2769056,0.10,-0.20,0.00,0.26,-19.43,8.65,0,17.75,13.25,20.73,0,0,0,0,0,0,0,2,0,0
2789608,0.10,-0.20,0.00,0.45,-18.07,8.65,0,17.75,13.25,20.73,0,0,0,0,0,0,0,2,0,0
2810056,0.10,-0.20,0.00,0.55,-19.43,8.65,0,17.75,13.25,20.73,0,0,0,0,0,0,0,2,0,0
2830512,0.10,-0.20,0.00,0.45,-18.07,8.65,0,17.75,13.25,20.73,0,0,0,0,0,0,0,2,0,0
2850968,0.10,-0.20,0.00,0.45,-20.79,8.65,0,17.75,13.25,20.73,0,0,0,0,0,0,0,2,0,0
2871584,0.10,-0.20,0.00,0.45,-19.43,8.16,0,19.00,12.75,20.73,0,0,0,0,0,0,0,2,0,0
2892128,0.10,-0.20,0.00,0.55,-19.43,8.16,0,19.00,12.75,20.73,0,0,0,0,0,0,0,2,0,0
2912584,0.10,-0.20,0.00,0.74,-19.43,8.16,0,19.00,12.75,20.73,0,0,0,0,0,0,0,2,0,0
2933032,0.10,-0.20,0.00,0.65,-22.15,8.16,0,19.00,12.75,20.73,0,0,0,0,0,0,0,2,0,0
2953480,0.10,-0.20,0.00,0.65,-18.07,8.16,0,19.00,12.75,20.73,0,0,0,0,0,0,0,2,0,0
2974096,0.10,-0.20,0.00,0.65,-19.43,6.70,0,18.50,12.75,19.68,0,0,0,0,0,0,0,2,0,0
2994648,0.10,-0.20,0.00,0.65,-19.43,6.70,0,18.50,12.75,19.68,0,0,0,0,0,0,0,2,0,0
3015104,0.10,-0.20,0.00,0.74,-22.15,6.70,0,18.50,12.75,19.68,0,0,0,0,0,0,0,2,0,0
3035552,0.10,-0.20,0.00,0.45,-18.07,6.70,0,18.50,12.75,19.68,0,0,0,0,0,0,0,2,0,0
3056000,0.10,-0.20,0.00,0.74,-19.43,6.70,0,18.50,12.75,19.68,0,0,0,0,0,0,0,2,0,0
3076624,0.10,-0.20,0.00,0.45,-19.43,6.70,0,18.75,13.50,19.68,0,0,0,0,0,0,0,2,0,0
3097168,0.10,-0.20,0.00,0.65,-20.79,6.70,0,18.75,13.50,19.68,0,0,0,0,0,0,0,2,0,0
3117616,0.10,-0.20,0.00,0.65,-18.07,6.70,0,18.75,13.50,19.68,0,0,0,0,0,0,0,2,0,0
3138072,0.10,-0.20,0.00,0.55,-18.07,6.70,0,18.75,13.50,19.68,0,0,0,0,0,0,0,2,0,0
3158528,0.10,-0.20,0.00,0.55,-19.43,6.70,0,18.75,13.50,19.68,0,0,0,0,0,0,0,2,0,0
3179144,0.10,-0.20,0.00,0.65,-18.07,6.70,0,19.25,12.50,19.68,0,0,0,0,0,0,0,2,0,0
3199696,0.10,-0.20,0.00,0.45,-19.43,6.70,0,19.25,12.50,19.68,0,0,0,0,0,0,0,2,0,0
3220152,0.10,-0.20,0.00,0.65,-20.79,6.70,0,19.25,12.50,19.68,0,0,0,0,0,0,0,2,0,0
3240600,0.10,-0.20,0.00,0.55,-19.43,6.70,0,19.25,12.50,19.68,0,0,0,0,0,0,0,2,0,0
3261056,0.10,-0.20,0.00,0.45,-19.43,6.70,0,19.25,12.50,19.68,0,0,0,0,0,0,0,2,0,0
3281672,0.10,-0.20,0.00,0.55,-19.43,6.21,0,18.75,13.00,19.68,0,0,0,0,0,0,0,2,0,0
3302224,0.10,-0.20,0.00,0.45,-22.15,6.21,0,18.75,13.00,19.68,0,0,0,0,0,0,0,2,0,0
3322688,0.10,-0.20,0.00,0.65,-19.43,6.21,0,18.75,13.00,19.68,0,0,0,0,0,0,0,2,0,0
3343136,0.10,-0.20,0.00,0.35,-18.07,6.21,0,18.75,13.00,19.68,0,0,0,0,0,0,0,2,0,0
3363576,0.10,-0.20,0.00,0.65,-18.07,6.21,0,18.75,13.00,19.68,0,0,0,0,0,0,0,2,0,0
3384192,0.10,-0.20,0.00,0.74,-18.07,7.67,0,18.25,13.75,19.68,0,0,0,0,0,0,0,2,0,0
3404752,0.10,-0.20,0.00,0.74,-19.43,7.67,0,18.25,13.75,19.68,0,0,0,0,0,0,0,2,0,0
3425224,0.10,-0.20,0.00,0.45,-18.07,7.67,0,18.25,13.75,19.68,0,0,0,0,0,0,0,2,0,0
3445688,0.10,-0.20,0.00,0.65,-19.43,7.67,0,18.25,13.75,19.68,0,0,0,0,0,0,0,2,0,0
3466144,0.10,-0.20,0.00,0.45,-19.43,7.67,0,18.25,13.75,19.68,0,0,0,0,0,0,0,2,0,0
3486760,0.10,-0.20,0.00,0.35,-19.43,9.14,0,18.50,13.75,19.68,0,0,0,0,0,0,0,2,0,0
3507312,0.10,-0.20,0.00,0.65,-20.79,9.14,0,18.50,13.75,19.68,0,0,0,0,0,0,0,2,0,0
3527768,0.10,-0.20,0.00,0.65,-19.43,9.14,0,18.50,13.75,19.68,0,0,0,0,0,0,0,2,0,0
3548224,0.10,-0.20,0.00,0.65,-19.43,9.14,0,18.50,13.75,19.68,0,0,0,0,0,0,0,2,0,0
3568680,0.10,-0.20,0.00,0.55,-19.43,9.14,0,18.50,13.75,19.68,0,0,0,0,0,0,0,2,0,0
3589304,0.10,-0.20,0.00,0.74,-19.43,8.65,0,18.50,13.00,19.68,0,0,0,0,0,0,0,2,0,0
3609848,0.10,-0.20,0.00,0.45,-19.43,8.65,0,18.50,13.00,19.68,0,0,0,0,0,0,0,2,0,0
3630304,0.10,-0.20,0.00,0.65,-19.43,8.65,0,18.50,13.00,19.68,0,0,0,0,0,0,0,2,0,0
3650752,0.10,-0.20,0.00,0.55,-19.43,8.65,0,18.50,13.00,19.68,0,0,0,0,0,0,0,2,0,0
3671208,0.10,-0.20,0.00,0.35,-18.07,8.65,0,18.50,13.00,19.68,0,0,0,0,0,0,0,2,0,0
3691832,0.10,-0.20,0.00,0.65,-18.07,7.18,0,19.00,13.00,19.68,0,0,0,0,0,0,0,2,0,0
3712376,0.10,-0.20,0.00,0.45,-18.07,7.18,0,19.00,13.00,19.68,0,0,0,0,0,0,0,2,0,0
3732824,0.10,-0.20,0.00,0.55,-18.07,7.18,0,19.00,13.00,19.68,0,0,0,0,0,0,0,2,0,0
3753280,0.10,-0.20,0.00,0.74,-18.07,7.18,0,19.00,13.00,19.68,0,0,0,0,0,0,0,2,0,0
3773736,0.10,-0.20,0.00,0.65,-18.07,7.18,0,19.00,13.00,19.68,0,0,0,0,0,0,0,2,0,0
3794352,0.10,-0.20,0.00,0.65,-18.07,6.21,0,18.75,13.00,19.68,0,0,0,0,0,0,0,2,0,0
3814904,0.10,-0.20,0.00,0.65,-19.43,6.21,0,18.75,13.00,19.68,0,0,0,0,0,0,0,2,0,0
3835352,0.10,-0.20,0.00,0.74,-18.07,6.21,0,18.75,13.00,19.68,0,0,0,0,0,0,0,2,0,0
3855808,0.10,-0.20,0.00,0.65,-18.07,6.21,0,18.75,13.00,19.68,0,0,0,0,0,0,0,2,0,0
3876256,0.10,-0.20,0.00,0.65,-19.43,6.21,0,18.75,13.00,19.68,0,0,0,0,0,0,0,2,0,0
3896872,0.10,-0.20,0.00,0.45,-18.07,6.21,0,18.75,13.00,19.68,0,0,0,0,0,0,0,2,0,0
3917424,0.10,-0.20,0.00,0.65,-19.43,6.21,0,18.75,13.00,19.68,0,0,0,0,0,0,0,2,0,0
3937880,0.10,-0.20,0.00,0.35,-19.43,6.21,0,18.75,13.00,19.68,0,0,0,0,0,0,0,2,0,0
3958328,0.10,-0.20,0.00,0.35,-19.43,6.21,0,18.75,13.00,19.68,0,0,0,0,0,0,0,2,0,0
3978784,0.10,-0.20,0.00,0.65,-19.43,6.21,0,18.75,13.00,19.68,0,0,0,0,0,0,0,2,0,0
3999400,0.10,-0.20,0.00,0.74,-19.43,6.21,0,18.75,13.00,19.68,0,0,0,0,0,0,0,2,0,0
4019952,0.10,-0.20,0.00,0.65,-19.43,6.21,0,18.75,13.00,19.68,0,0,0,0,0,0,0,2,0,0
4040400,0.10,-0.20,0.00,0.65,-19.43,6.21,0,18.75,13.00,19.68,0,0,0,0,0,0,0,2,0,0
4060856,0.10,-0.20,0.00,0.74,-19.43,6.21,0,18.75,13.00,19.68,0,0,0,0,0,0,0,2,0,0
4081304,0.10,-0.20,0.00,0.55,-18.07,6.21,0,18.75,13.00,19.68,0,0,0,0,0,0,0,2,0,0
4101920,0.10,-0.20,0.00,0.45,-19.43,5.72,0,19.25,12.75,19.68,0,0,0,0,0,0,0,2,0,0
4122472,0.10,-0.20,0.00,0.55,-19.43,5.72,0,19.25,12.75,19.68,0,0,0,0,0,0,0,2,0,0
4142936,0.10,-0.20,0.00,0.74,-19.43,5.72,0,19.25,12.75,19.68,0,0,0,0,0,0,0,2,0,0
4163392,0.10,-0.20,0.00,0.74,-19.43,5.72,0,19.25,12.75,19.68,0,0,0,0,0,0,0,2,0,0
4183840,0.10,-0.20,0.00,0.65,-19.43,5.72,0,19.25,12.75,19.68,0,0,0,0,0,0,0,2,0,0
4204448,0.10,-0.20,0.02,0.65,-18.07,6.21,0,19.25,13.25,19.68,0,0,0,0,0,0,0,2,0,0
4225008,0.10,-0.20,0.00,0.55,-18.07,6.21,0,19.25,13.25,19.68,0,0,0,0,0,0,0,2,0,0
4245464,0.10,-0.20,0.00,0.74,-19.43,6.21,0,19.25,13.25,19.68,0,0,0,0,0,0,0,2,0,0
4265928,0.10,-0.20,0.00,0.55,-19.43,6.21,0,19.25,13.25,19.68,0,0,0,0,0,0,0,2,0,0
4286384,0.10,-0.20,0.00,0.74,-18.07,6.21,0,19.25,13.25,19.68,0,0,0,0,0,0,0,2,0,0
4307016,0.10,-0.20,0.00,0.65,-20.79,8.65,0,18.50,13.75,19.68,0,0,0,0,0,0,0,2,0,0
4327568,0.10,-0.20,0.00,0.74,-19.43,8.65,0,18.50,13.75,19.68,0,0,0,0,0,0,0,2,0,0
4348024,0.10,-0.20,0.00,0.55,-19.43,8.65,0,18.50,13.75,19.68,0,0,0,0,0,0,0,2,0,0
4368472,0.10,-0.20,0.00,0.45,-19.43,8.65,0,18.50,13.75,19.68,0,0,0,0,0,0,0,2,0,0
4388928,0.10,-0.20,0.00,0.55,-19.43,8.65,0,18.50,13.75,19.68,0,0,0,0,0,0,0,2,0,0
4409544,0.10,-0.20,0.00,0.35,-19.43,8.65,0,19.00,13.50,19.68,0,0,0,0,0,0,0,2,0,0
4430096,0.10,-0.20,0.00,0.35,-18.07,8.65,0,19.00,13.50,19.68,0,0,0,0,0,0,0,2,0,0
4450544,0.10,-0.20,0.00,0.45,-19.43,8.65,0,19.00,13.50,19.68,0,0,0,0,0,0,0,2,0,0
4471008,0.10,-0.20,0.00,0.65,-19.43,8.65,0,19.00,13.50,19.68,0,0,0,0,0,0,0,2,0,0
4491464,0.10,-0.20,0.00,0.45,-19.43,8.65,0,19.00,13.50,19.68,0,0,0,0,0,0,0,2,0,0
4512080,0.10,-0.20,0.00,0.65,-22.15,6.70,0,18.00,13.50,19.68,0,0,0,0,0,0,0,2,0,0
4532624,0.10,-0.20,0.00,0.55,-19.43,6.70,0,18.00,13.50,19.68,0,0,0,0,0,0,0,2,0,0
4553080,0.10,-0.20,0.00,0.65,-18.07,6.70,0,18.00,13.50,19.68,0,0,0,0,0,0,0,2,0,0
4573528,0.10,-0.20,0.00,0.74,-19.43,6.70,0,18.00,13.50,19.68,0,0,0,0,0,0,0,2,0,0
4593984,0.10,-0.20,0.00,0.65,-22.15,6.70,0,18.00,13.50,19.68,0,0,0,0,0,0,0,2,0,0
4614600,0.10,-0.20,0.00,0.74,-18.07,5.23,0,18.75,12.75,19.68,0,0,0,0,0,0,0,2,0,0
4635144,0.10,-0.20,0.00,0.55,-19.43,5.23,0,18.75,12.75,19.68,0,0,0,0,0,0,0,2,0,0
4655600,0.10,-0.20,0.00,0.45,-18.07,5.23,0,18.75,12.75,19.68,0,0,0,0,0,0,0,2,0,0
4676048,0.10,-0.20,0.00,0.55,-20.79,5.23,0,18.75,12.75,19.68,0,0,0,0,0,0,0,2,0,0
4696504,0.10,-0.20,0.00,0.55,-19.43,5.23,0,18.75,12.75,19.68,0,0,0,0,0,0,0,2,0,0
4717120,0.10,-0.20,0.00,0.74,-19.43,5.72,0,19.25,13.00,19.68,0,0,0,0,0,0,0,2,0,0
4737664,0.10,-0.20,0.00,0.65,-18.07,5.72,0,19.25,13.00,19.68,0,0,0,0,0,0,0,2,0,0
4758112,0.10,-0.20,0.00,0.74,-19.43,5.72,0,19.25,13.00,19.68,0,0,0,0,0,0,0,2,0,0
4778568,0.10,-0.20,0.00,0.45,-18.07,5.72,0,19.25,13.00,19.68,0,0,0,0,0,0,0,2,0,0
4799024,0.10,-0.20,0.00,0.26,-20.79,5.72,0,19.25,13.00,19.68,0,0,0,0,0,0,0,2,0,0
4819640,0.10,-0.20,0.00,0.55,-19.43,6.21,0,19.25,12.50,19.68,0,0,0,0,0,0,0,2,0,0
4840192,0.10,-0.20,0.00,0.45,-19.43,6.21,0,19.25,12.50,19.68,0,0,0,0,0,0,0,2,0,0
4860640,0.10,-0.20,0.00,0.65,-18.07,6.21,0,19.25,12.50,19.68,0,0,0,0,0,0,0,2,0,0
4881096,0.10,-0.20,0.00,0.35,-22.15,6.21,0,19.25,12.50,19.68,0,0,0,0,0,0,0,2,0,0
4901552,0.10,-0.20,0.00,0.45,-18.07,6.21,0,19.25,12.50,19.68,0,0,0,0,0,0,0,2,0,0
4922168,0.10,-0.20,0.00,0.35,-19.43,5.23,0,19.00,13.75,19.68,0,0,0,0,0,0,0,2,0,0
4942720,0.10,-0.20,0.00,0.55,-18.07,5.23,0,19.00,13.75,19.68,0,0,0,0,0,0,0,2,0,0
4963176,0.10,-0.20,0.00,0.65,-20.79,5.23,0,19.00,13.75,19.68,0,0,0,0,0,0,0,2,0,0
4983640,0.10,-0.20,0.00,0.74,-19.43,5.23,0,19.00,13.75,19.68,0,0,0,0,0,0,0,2,0,0
5004096,0.10,-0.20,0.00,0.35,-18.07,5.23,0,19.00,13.75,19.68,0,0,0,0,0,0,0,2,0,0
5024712,0.10,-0.20,0.00,0.45,-18.07,5.23,0,19.00,13.50,20.73,0,0,0,0,0,0,0,2,0,0
5045264,0.10,-0.20,0.00,0.55,-19.43,5.23,0,19.00,13.50,20.73,0,0,0,0,0,0,0,2,0,0
5065720,0.10,-0.20,0.00,0.55,-19.43,5.23,0,19.00,13.50,20.73,0,0,0,0,0,0,0,2,0,0
5086184,0.10,-0.20,0.00,0.65,-20.79,5.23,0,19.00,13.50,20.73,0,0,0,0,0,0,0,2,0,0
5106656,0.10,-0.20,0.00,0.65,-19.43,5.23,0,19.00,13.50,20.73,0,0,0,0,0,0,0,2,0,0
5127288,0.10,-0.20,0.00,0.55,-19.43,7.67,0,18.75,13.50,19.68,0,0,0,0,0,0,0,2,0,0
5147832,0.10,-0.20,0.00,0.45,-18.07,7.67,0,18.75,13.50,19.68,0,0,0,0,0,0,0,2,0,0
5168288,0.10,-0.20,0.00,0.45,-20.79,7.67,0,18.75,13.50,19.68,0,0,0,0,0,0,0,2,0,0
5188752,0.10,-0.20,0.00,0.55,-19.43,7.67,0,18.75,13.50,19.68,0,0,0,0,0,0,0,2,0,0
5209208,0.10,-0.20,0.00,0.65,-19.43,7.67,0,18.75,13.50,19.68,0,0,0,0,0,0,0,2,0,0
5229824,0.10,-0.20,0.00,0.74,-19.43,8.65,0,19.25,12.50,19.68,0,0,0,0,0,0,0,2,0,0
5250368,0.10,-0.20,0.00,0.55,-19.43,8.65,0,19.25,12.50,19.68,0,0,0,0,0,0,0,2,0,0
5270816,0.10,-0.20,0.00,0.74,-18.07,8.65,0,19.25,12.50,19.68,0,0,0,0,0,0,0,2,0,0
5291272,0.10,-0.20,0.00,0.45,-20.79,8.65,0,19.25,12.50,19.68,0,0,0,0,0,0,0,2,0,0
5311728,0.10,-0.20,0.00,0.65,-18.07,8.65,0,19.25,12.50,19.68,0,0,0,0,0,0,0,2,0,0
5332344,0.10,-0.20,0.00,0.65,-19.43,7.18,0,18.75,13.25,19.68,0,0,0,0,0,0,0,2,0,0
5352888,0.10,-0.20,0.00,0.65,-19.43,7.18,0,18.75,13.25,19.68,0,0,0,0,0,0,0,2,0,0
5373344,0.10,-0.20,0.00,0.45,-22.15,7.18,0,18.75,13.25,19.68,0,0,0,0,0,0,0,2,0,0
5393792,0.10,-0.20,0.00,0.35,-19.43,7.18,0,18.75,13.25,19.68,0,0,0,0,0,0,0,2,0,0
5414248,0.10,-0.20,0.00,0.65,-18.07,7.18,0,18.75,13.25,19.68,0,0,0,0,0,0,0,2,0,0
5434864,0.10,-0.20,0.00,0.55,-18.07,6.21,0,19.25,13.25,19.68,0,0,0,0,0,0,0,2,0,0
5455408,0.10,-0.20,0.00,0.55,-22.15,6.21,0,19.25,13.25,19.68,0,0,0,0,0,0,0,2,0,0
5475864,0.10,-0.20,0.00,0.45,-18.07,6.21,0,19.25,13.25,19.68,0,0,0,0,0,0,0,2,0,0
5496312,0.10,-0.20,0.00,0.45,-18.07,6.21,0,19.25,13.25,19.68,0,0,0,0,0,0,0,2,0,0
5516760,0.10,-0.20,0.00,0.45,-18.07,6.21,0,19.25,13.25,19.68,0,0,0,0,0,0,0,2,0,0
5537376,0.10,-0.20,0.00,0.55,-19.43,5.23,0,18.25,13.25,19.68,0,0,0,0,0,0,0,2,0,0
5557928,0.10,-0.20,0.00,0.65,-19.43,5.23,0,18.25,13.25,19.68,0,0,0,0,0,0,0,2,0,0
5578384,0.10,-0.20,0.00,0.35,-18.07,5.23,0,18.25,13.25,19.68,0,0,0,0,0,0,0,2,0,0
5598832,0.10,-0.20,0.00,0.65,-19.43,5.23,0,18.25,13.25,19.68,0,0,0,0,0,0,0,2,0,0
5619280,0.10,-0.20,0.00,0.65,-18.07,5.23,0,18.25,13.25,19.68,0,0,0,0,0,0,0,2,0,0
5639904,0.10,-0.20,0.00,0.65,-18.07,5.72,0,18.50,13.50,19.68,0,0,0,0,0,0,0,2,0,0
5660456,0.10,-0.20,0.00,0.65,-19.43,5.72,0,18.50,13.50,19.68,0,0,0,0,0,0,0,2,0,0
5680912,0.10,-0.20,0.00,0.74,-18.07,5.72,0,18.50,13.50,19.68,0,0,0,0,0,0,0,2,0,0
5701360,0.10,-0.20,0.00,0.65,-18.07,5.72,0,18.50,13.50,19.68,0,0,0,0,0,0,0,2,0,0
5721816,0.10,-0.20,0.00,0.55,-19.43,5.72,0,18.50,13.50,19.68,0,0,0,0,0,0,0,2,0,0
5742432,0.10,-0.20,0.00,0.55,-19.43,5.23,0,19.00,13.25,19.68,0,0,0,0,0,0,0,2,0,0
5762984,0.10,-0.20,0.00,0.74,-18.07,5.23,0,19.00,13.25,19.68,0,0,0,0,0,0,0,2,0,0
5783440,0.10,-0.20,0.00,0.65,-19.43,5.23,0,19.00,13.25,19.68,0,0,0,0,0,0,0,2,0,0
5803896,0.10,-0.20,0.00,0.65,-19.43,5.23,0,19.00,13.25,19.68,0,0,0,0,0,0,0,2,0,0
5824352,0.10,-0.20,0.00,0.65,-18.07,5.23,0,19.00,13.25,19.68,0,0,0,0,0,0,0,2,0,0
5844976,0.10,-0.20,0.00,0.45,-18.07,4.74,0,18.00,13.00,19.68,0,0,0,0,0,0,0,2,0,0
5865536,0.10,-0.20,0.00,0.65,-19.43,4.74,0,18.00,13.00,19.68,0,0,0,0,0,0,0,2,0,0
5885992,0.10,-0.20,0.00,0.45,-18.07,4.74,0,18.00,13.00,19.68,0,0,0,0,0,0,0,2,0,0
5906448,0.10,-0.20,0.00,0.65,-19.43,4.74,0,18.00,13.00,19.68,0,0,0,0,0,0,0,2,0,0
5926904,0.10,-0.20,0.00,0.35,-19.43,4.74,0,18.00,13.00,19.68,0,0,0,0,0,0,0,2,0,0
5947528,0.10,-0.20,0.00,0.35,-19.43,6.21,0,19.75,13.75,19.68,0,0,0,0,0,0,0,2,0,0
5968072,0.10,-0.20,0.00,0.35,-18.07,6.21,0,19.75,13.75,19.68,0,0,0,0,0,0,0,2,0,0
5988520,0.10,-0.20,0.00,0.74,-19.43,6.21,0,19.75,13.75,19.68,0,0,0,0,0,0,0,2,0,0
6008984,0.10,-0.20,0.00,0.65,-18.07,6.21,0,19.75,13.75,19.68,0,0,0,0,0,0,0,2,0,0
6029448,0.10,-0.20,0.00,0.65,-19.43,6.21,0,19.75,13.75,19.68,0,0,0,0,0,0,0,2,0,0
6050064,0.10,-0.20,0.00,0.55,-19.43,8.16,0,18.25,13.00,19.68,0,0,0,0,0,0,0,2,0,0
6070608,0.10,-0.20,0.00,0.45,-19.43,8.16,0,18.25,13.00,19.68,0,0,0,0,0,0,0,2,0,0
6091064,0.10,-0.20,0.00,0.45,-18.07,8.16,0,18.25,13.00,19.68,0,0,0,0,0,0,0,2,0,0
6111512,0.10,-0.20,0.00,0.35,-19.43,8.16,0,18.25,13.00,19.68,0,0,0,0,0,0,0,2,0,0
6131968,0.10,-0.20,0.00,0.74,-19.43,8.16,0,18.25,13.00,19.68,0,0,0,0,0,0,0,2,0,0
6152584,0.10,-0.20,0.00,0.35,-19.43,8.16,0,18.25,13.25,19.68,0,0,0,0,0,0,0,2,0,0
6173128,0.10,-0.20,0.00,0.65,-18.07,8.16,0,18.25,13.25,19.68,0,0,0,0,0,0,0,2,0,0
6193584,0.10,-0.20,0.00,0.45,-18.07,8.16,0,18.25,13.25,19.68,0,0,0,0,0,0,0,2,0,0
6214040,0.10,-0.20,0.00,0.74,-19.43,8.16,0,18.25,13.25,19.68,0,0,0,0,0,0,0,2,0,0
6234488,0.10,-0.20,0.00,0.74,-19.43,8.16,0,18.25,13.25,19.68,0,0,0,0,0,0,0,2,0,0
6255104,0.10,-0.20,0.00,0.65,-19.43,5.23,0,18.00,13.00,19.68,0,0,0,0,0,0,0,2,0,0
6275656,0.10,-0.20,0.00,0.55,-19.43,5.23,0,18.00,13.00,19.68,0,0,0,0,0,0,0,2,0,0
6296104,0.10,-0.20,0.00,0.65,-18.07,5.23,0,18.00,13.00,19.68,0,0,0,0,0,0,0,2,0,0
6316560,0.10,-0.20,0.00,0.65,-19.43,5.23,0,18.00,13.00,19.68,0,0,0,0,0,0,0,2,0,0
6337008,0.10,-0.20,0.00,0.45,-19.43,5.23,0,18.00,13.00,19.68,0,0,0,0,0,0,0,2,0,0
6357624,0.10,-0.20,0.00,0.74,-19.43,5.23,0,18.50,12.75,19.68,0,0,0,0,0,0,0,2,0,0
6378176,0.10,-0.20,0.00,0.45,-19.43,5.23,0,18.50,12.75,19.68,0,0,0,0,0,0,0,2,0,0
6398632,0.10,-0.20,0.00,0.35,-19.43,5.23,0,18.50,12.75,19.68,0,0,0,0,0,0,0,2,0,0
6419088,0.10,-0.20,0.00,0.55,-19.43,5.23,0,18.50,12.75,19.68,0,0,0,0,0,0,0,2,0,0
6439536,0.10,-0.20,0.00,0.55,-19.43,5.23,0,18.50,12.75,19.68,0,0,0,0,0,0,0,2,0,0
6460152,0.10,-0.20,0.00,0.55,-19.43,5.23,0,19.75,13.00,19.68,0,0,0,0,0,0,0,2,0,0
6480712,0.10,-0.20,0.00,0.55,-18.07,5.23,0,19.75,13.00,19.68,0,0,0,0,0,0,0,2,0,0
6501152,0.10,-0.20,0.00,0.45,-18.07,5.23,0,19.75,13.00,19.68,0,0,0,0,0,0,0,2,0,0
6521608,0.10,-0.20,0.00,0.35,-18.07,5.23,0,19.75,13.00,19.68,0,0,0,0,0,0,0,2,0,0
6542072,0.10,-0.20,0.00,0.45,-19.43,5.23,0,19.75,13.00,19.68,0,0,0,0,0,0,0,2,0,0
6562680,0.10,-0.20,0.00,0.55,-19.43,5.72,0,19.50,13.50,19.68,0,0,0,0,0,0,0,2,0,0
6583232,0.10,-0.20,0.00,0.55,-18.07,5.72,0,19.50,13.50,19.68,0,0,0,0,0,0,0,2,0,0
6603688,0.10,-0.20,0.00,0.55,-19.43,5.72,0,19.50,13.50,19.68,0,0,0,0,0,0,0,2,0,0
6624144,0.10,-0.20,0.00,0.45,-18.07,5.72,0,19.50,13.50,19.68,0,0,0,0,0,0,0,2,0,0
6644600,0.10,-0.20,0.00,0.55,-19.43,5.72,0,19.50,13.50,19.68,0,0,0,0,0,0,0,2,0,0
6665232,0.10,-0.20,0.00,0.45,-20.79,4.74,0,18.00,13.50,19.68,0,0,0,0,0,0,0,2,0,0
6685784,0.10,-0.20,0.00,0.65,-19.43,4.74,0,18.00,13.50,19.68,0,0,0,0,0,0,0,2,0,0
6706232,0.10,-0.20,0.00,0.55,-18.07,4.74,0,18.00,13.50,19.68,0,0,0,0,0,0,0,2,0,0
6726688,0.10,-0.20,0.00,0.55,-18.07,4.74,0,18.00,13.50,19.68,0,0,0,0,0,0,0,2,0,0
6747152,0.10,-0.20,0.00,0.65,-19.43,4.74,0,18.00,13.50,19.68,0,0,0,0,0,0,0,2,0,0
6767776,0.10,-0.20,0.00,0.74,-19.43,5.23,0,18.75,13.75,19.68,0,0,0,0,0,0,0,2,0,0
6788328,0.10,-0.20,0.00,0.65,-19.43,5.23,0,18.75,13.75,19.68,0,0,0,0,0,0,0,2,0,0
6808776,0.10,-0.20,0.00,0.65,-19.43,5.23,0,18.75,13.75,19.68,0,0,0,0,0,0,0,2,0,0
6829232,0.10,-0.20,0.00,0.65,-19.43,5.23,0,18.75,13.75,19.68,0,0,0,0,0,0,0,2,0,0
6849688,0.10,-0.20,0.00,0.45,-19.43,5.23,0,18.75,13.75,19.68,0,0,0,0,0,0,0,2,0,0
6870304,0.10,-0.20,0.00,0.55,-22.15,7.67,0,18.75,13.25,19.68,0,0,0,0,0,0,0,2,0,0
6890848,0.10,-0.20,0.00,0.65,-18.07,7.67,0,18.75,13.25,19.68,0,0,0,0,0,0,0,2,0,0
6911296,0.10,-0.20,0.00,0.55,-18.07,7.67,0,18.75,13.25,19.68,0,0,0,0,0,0,0,2,0,0
6931752,0.10,-0.20,0.00,0.65,-19.43,7.67,0,18.75,13.25,19.68,0,0,0,0,0,0,0,2,0,0
6952208,0.10,-0.20,0.00,0.55,-22.15,7.67,0,18.75,13.25,19.68,0,0,0,0,0,0,0,2,0,0
6972816,0.10,-0.20,0.00,0.45,-19.43,7.67,0,18.50,13.00,19.68,0,0,0,0,0,0,0,2,0,0
6993368,0.10,-0.20,0.00,0.65,-19.43,7.67,0,18.50,13.00,19.68,0,0,0,0,0,0,0,2,0,0
7013824,0.10,-0.20,0.00,0.45,-18.07,7.67,0,18.50,13.00,19.68,0,0,0,0,0,0,0,2,0,0
7034272,0.10,-0.20,0.00,0.55,-20.79,7.67,0,18.50,13.00,19.68,0,0,0,0,0,0,0,2,0,0
7054728,0.10,-0.20,0.00,0.55,-19.43,7.67,0,18.50,13.00,19.68,0,0,0,0,0,0,0,2,0,0
7075344,0.10,-0.20,0.00,0.65,-19.43,6.21,0,18.25,13.25,19.68,0,0,0,0,0,0,0,2,0,0
7095904,0.10,-0.20,0.00,0.35,-18.07,6.21,0,18.25,13.25,19.68,0,0,0,0,0,0,0,2,0,0
7116360,0.10,-0.20,0.00,0.55,-19.43,6.21,0,18.25,13.25,19.68,0,0,0,0,0,0,0,2,0,0
7136808,0.10,-0.20,0.00,0.55,-19.43,6.21,0,18.25,13.25,19.68,0,0,0,0,0,0,0,2,0,0
7157264,0.10,-0.20,0.00,0.45,-20.79,6.21,0,18.25,13.25,19.68,0,0,0,0,0,0,0,2,0,0
7177880,0.10,-0.20,0.00,0.55,-19.43,4.74,0,19.25,12.50,19.68,0,0,0,0,0,0,0,2,0,0
7198432,0.10,-0.20,0.00,0.45,-19.43,4.74,0,19.25,12.50,19.68,0,0,0,0,0,0,0,2,0,0
7218888,0.10,-0.20,0.00,0.74,-18.07,4.74,0,19.25,12.50,19.68,0,0,0,0,0,0,0,2,0,0
7239344,0.10,-0.20,0.00,0.55,-22.15,4.74,0,19.25,12.50,19.68,0,0,0,0,0,0,0,2,0,0
7259792,0.10,-0.20,0.00,0.55,-19.43,4.74,0,19.25,12.50,19.68,0,0,0,0,0,0,0,2,0,0
7280408,0.10,-0.20,0.00,0.65,-18.07,5.23,0,18.75,13.50,19.68,0,0,0,0,0,0,0,2,0,0
7300968,0.10,-0.20,0.00,0.55,-19.43,5.23,0,18.75,13.50,19.68,0,0,0,0,0,0,0,2,0,0
7321424,0.10,-0.20,0.00,0.45,-19.43,5.23,0,18.75,13.50,19.68,0,0,0,0,0,0,0,2,0,0
7341864,0.10,-0.20,0.00,0.45,-19.43,5.23,0,18.75,13.50,19.68,0,0,0,0,0,0,0,2,0,0
7362320,0.10,-0.20,0.00,0.65,-18.07,5.23,0,18.75,13.50,19.68,0,0,0,0,0,0,0,2,0,0
7382944,0.10,-0.20,0.00,0.55,-19.43,5.23,0,18.50,12.50,19.68,0,0,0,0,0,0,0,2,0,0
7403504,0.10,-0.20,0.00,0.74,-19.43,5.23,0,18.50,12.50,19.68,0,0,0,0,0,0,0,2,0,0
7423960,0.10,-0.20,0.00,0.74,-19.43,5.23,0,18.50,12.50,19.68,0,0,0,0,0,0,0,2,0,0
7444424,0.10,-0.20,0.00,0.65,-22.15,5.23,0,18.50,12.50,19.68,0,0,0,0,0,0,0,2,0,0
7464880,0.10,-0.20,0.00,0.65,-19.43,5.23,0,18.50,12.50,19.68,0,0,0,0,0,0,0,2,0,0
7485512,0.10,-0.20,0.00,0.55,-18.07,4.74,0,18.00,12.50,19.68,0,0,0,0,0,0,0,2,0,0
7506064,0.10,-0.20,0.00,0.74,-19.43,4.74,0,18.00,12.50,19.68,0,0,0,0,0,0,0,2,0,0
7526520,0.10,-0.20,0.00,0.65,-22.15,4.74,0,18.00,12.50,19.68,0,0,0,0,0,0,0,2,0,0
7546968,0.10,-0.20,0.00,0.65,-19.43,4.74,0,18.00,12.50,19.68,0,0,0,0,0,0,0,2,0,0
7567424,0.10,-0.20,0.00,0.55,-18.07,4.74,0,18.00,12.50,19.68,0,0,0,0,0,0,0,2,0,0
7588048,0.10,-0.20,0.00,0.55,-19.43,4.74,0,19.25,13.00,19.68,0,0,0,0,0,0,0,2,0,0
7608592,0.10,-0.20,0.00,0.65,-19.43,4.74,0,19.25,13.00,19.68,0,0,0,0,0,0,0,2,0,0
7629048,0.10,-0.20,0.00,0.74,-18.07,4.74,0,19.25,13.00,19.68,0,0,0,0,0,0,0,2,0,0
7649496,0.10,-0.20,0.00,0.74,-20.79,4.74,0,19.25,13.00,19.68,0,0,0,0,0,0,0,2,0,0
7669952,0.10,-0.20,0.00,0.35,-19.43,4.74,0,19.25,13.00,19.68,0,0,0,0,0,0,0,2,0,0
7690568,0.10,-0.20,0.00,0.65,-19.43,6.70,0,18.75,12.50,19.68,0,0,0,0,0,0,0,2,0,0
7711112,0.10,-0.20,0.00,0.35,-19.43,6.70,0,18.75,12.50,19.68,0,0,0,0,0,0,0,2,0,0
7731568,0.10,-0.20,0.00,0.65,-22.15,6.70,0,18.75,12.50,19.68,0,0,0,0,0,0,0,2,0,0
7752024,0.10,-0.20,0.00,0.45,-18.07,6.70,0,18.75,12.50,19.68,0,0,0,0,0,0,0,2,0,0
7772472,0.10,-0.20,0.00,0.74,-19.43,6.70,0,18.75,12.50,19.68,0,0,0,0,0,0,0,2,0,0
7793088,0.10,-0.20,0.00,0.55,-18.07,8.16,0,18.50,13.25,19.68,0,0,0,0,0,0,0,2,0,0
7813640,0.10,-0.20,0.00,0.65,-22.15,8.16,0,18.50,13.25,19.68,0,0,0,0,0,0,0,2,0,0
7834096,0.10,-0.20,0.00,0.45,-19.43,8.16,0,18.50,13.25,19.68,0,0,0,0,0,0,0,2,0,0
7854544,0.10,-0.20,0.00,0.55,-19.43,8.16,0,18.50,13.25,19.68,0,0,0,0,0,0,0,2,0,0
7875000,0.10,-0.20,0.00,0.65,-19.43,8.16,0,18.50,13.25,19.68,0,0,0,0,0,0,0,2,0,0
7895616,0.10,-0.20,0.00,0.55,-18.07,6.70,0,18.75,12.75,19.68,0,0,0,0,0,0,0,2,0,0
7916160,0.10,-0.20,0.00,0.45,-18.07,6.70,0,18.75,12.75,19.68,0,0,0,0,0,0,0,2,0,0
7936616,0.10,-0.20,0.00,0.65,-18.07,6.70,0,18.75,12.75,19.68,0,0,0,0,0,0,0,2,0,0
7957064,0.10,-0.20,0.00,0.65,-18.07,6.70,0,18.75,12.75,19.68,0,0,0,0,0,0,0,2,0,0
7977520,0.10,-0.20,0.00,0.65,-19.43,6.70,0,18.75,12.75,19.68,0,0,0,0,0,0,0,2,0,0
7998136,0.10,-0.20,0.00,0.45,-19.43,5.72,0,18.50,12.75,19.68,0,0,0,0,0,0,0,2,0,0
8018688,0.10,-0.20,0.00,0.35,-19.43,5.72,0,18.50,12.75,19.68,0,0,0,0,0,0,0,2,0,0
8039136,0.10,-0.20,0.00,0.65,-18.07,5.72,0,18.50,12.75,19.68,0,0,0,0,0,0,0,2,0,0
8059592,0.10,-0.20,0.00,0.65,-19.43,5.72,0,18.50,12.75,19.68,0,0,0,0,0,0,0,2,0,0
8080048,0.10,-0.20,0.00,0.45,-19.43,5.72,0,18.50,12.75,19.68,0,0,0,0,0,0,0,2,0,0
8100664,0.10,-0.20,0.00,0.55,-18.07,4.74,0,18.50,12.50,19.68,0,0,0,0,0,0,0,2,0,0
8121216,0.10,-0.20,0.00,0.45,-19.43,4.74,0,18.50,12.50,19.68,0,0,0,0,0,0,0,2,0,0
8141688,0.10,-0.20,0.00,0.35,-18.07,4.74,0,18.50,12.50,19.68,0,0,0,0,0,0,0,2,0,0
8162144,0.10,-0.20,0.00,0.65,-18.07,4.74,0,18.50,12.50,19.68,0,0,0,0,0,0,0,2,0,0
8182608,0.10,-0.20,0.00,0.65,-19.43,4.74,0,18.50,12.50,19.68,0,0,0,0,0,0,0,2,0,0
8203216,0.10,-0.20,0.00,0.65,-19.43,5.23,0,17.75,13.00,19.68,0,0,0,0,0,0,0,2,0,0
8223776,0.10,-0.20,0.00,0.65,-19.43,5.23,0,17.75,13.00,19.68,0,0,0,0,0,0,0,2,0,0
8244232,0.10,-0.20,0.00,0.35,-18.07,5.23,0,17.75,13.00,19.68,0,0,0,0,0,0,0,2,0,0
8264688,0.10,-0.20,0.00,0.65,-18.07,5.23,0,17.75,13.00,19.68,0,0,0,0,0,0,0,2,0,0
8285160,0.10,-0.20,0.00,0.55,-19.43,5.23,0,17.75,13.00,19.68,0,0,0,0,0,0,0,2,0,0
8305800,0.10,-0.20,0.00,0.55,-19.43,5.23,0,18.50,13.25,19.68,0,0,0,0,0,0,0,2,0,0
8326344,0.10,-0.20,0.00,0.65,-19.43,5.23,0,18.50,13.25,19.68,0,0,0,0,0,0,0,2,0,0
8346792,0.10,-0.20,0.00,0.55,-18.07,5.23,0,18.50,13.25,19.68,0,0,0,0,0,0,0,2,0,0
8367256,0.10,-0.20,0.00,0.55,-19.43,5.23,0,18.50,13.25,19.68,0,0,0,0,0,0,0,2,0,0
8387720,0.10,-0.20,0.00,0.65,-18.07,5.23,0,18.50,13.25,19.68,0,0,0,0,0,0,0,2,0,0
8408336,0.10,-0.20,0.00,0.55,-18.07,4.74,0,19.00,12.75,19.68,0,0,0,0,0,0,0,2,0,0
8428880,0.10,-0.20,0.00,0.45,-19.43,4.74,0,19.00,12.75,19.68,0,0,0,0,0,0,0,2,0,0
8449336,0.10,-0.20,0.00,0.45,-18.07,4.74,0,19.00,12.75,19.68,0,0,0,0,0,0,0,2,0,0
8469792,0.10,-0.20,0.00,0.65,-18.07,4.74,0,19.00,12.75,19.68,0,0,0,0,0,0,0,2,0,0
8490240,0.10,-0.20,0.00,0.65,-19.43,4.74,0,19.00,12.75,19.68,0,0,0,0,0,0,0,2,0,0
8510856,0.10,-0.20,0.00,0.45,-19.43,5.72,0,19.50,12.75,19.68,0,0,0,0,0,0,0,2,0,0
8531408,0.10,-0.20,0.00,0.45,-18.07,5.72,0,19.50,12.75,19.68,0,0,0,0,0,0,0,2,0,0
8551856,0.10,-0.20,0.00,0.65,-19.43,5.72,0,19.50,12.75,19.68,0,0,0,0,0,0,0,2,0,0
8572312,0.10,-0.20,0.00,0.45,-18.07,5.72,0,19.50,12.75,19.68,0,0,0,0,0,0,0,2,0,0
8592760,0.10,-0.20,0.00,0.74,-18.07,5.72,0,19.50,12.75,19.68,0,0,0,0,0,0,0,2,0,0
8613376,0.10,-0.20,0.00,0.55,-19.43,7.67,0,19.75,13.25,19.68,0,0,0,0,0,0,0,2,0,0
8633928,0.10,-0.20,0.00,0.45,-18.07,7.67,0,19.75,13.25,19.68,0,0,0,0,0,0,0,2,0,0
8654376,0.10,-0.20,0.00,0.55,-18.07,7.67,0,19.75,13.25,19.68,0,0,0,0,0,0,0,2,0,0
8674832,0.10,-0.20,0.00,0.65,-19.43,7.67,0,19.75,13.25,19.68,0,0,0,0,0,0,0,2,0,0
8695280,0.10,-0.20,0.00,0.55,-19.43,7.67,0,19.75,13.25,19.68,0,0,0,0,0,0,0,2,0,0
8715896,0.10,-0.20,0.00,0.65,-19.43,7.67,0,19.25,12.50,19.68,0,0,0,0,0,0,0,2,0,0
8736456,0.10,-0.20,0.00,0.65,-19.43,7.67,0,19.25,12.50,19.68,0,0,0,0,0,0,0,2,0,0
8756904,0.10,-0.20,0.00,0.45,-19.43,7.67,0,19.25,12.50,19.68,0,0,0,0,0,0,0,2,0,0
8777360,0.10,-0.20,0.00,0.35,-18.07,7.67,0,19.25,12.50,19.68,0,0,0,0,0,0,0,2,0,0
8797808,0.10,-0.20,0.00,0.65,-19.43,7.67,0,19.25,12.50,19.68,0,0,0,0,0,0,0,2,0,0
8818424,0.10,-0.20,0.00,0.45,-19.43,6.21,0,19.75,12.50,19.68,0,0,0,0,0,0,0,2,0,0
8838976,0.10,-0.20,0.00,0.55,-18.07,6.21,0,19.75,12.50,19.68,0,0,0,0,0,0,0,2,0,0
8859424,0.10,-0.20,0.00,0.65,-19.43,6.21,0,19.75,12.50,19.68,0,0,0,0,0,0,0,2,0,0
8879888,0.10,-0.20,0.00,0.55,-18.07,6.21,0,19.75,12.50,19.68,0,0,0,0,0,0,0,2,0,0
8900344,0.10,-0.20,0.00,0.55,-18.07,6.21,0,19.75,12.50,19.68,0,0,0,0,0,0,0,2,0,0
8920960,0.10,-0.20,0.00,0.35,-18.07,4.25,0,19.50,13.00,19.68,0,0,0,0,0,0,0,2,0,0
8941512,0.10,-0.20,0.00,0.74,-18.07,4.25,0,19.50,13.00,19.68,0,0,0,0,0,0,0,2,0,0
8961976,0.10,-0.20,0.00,0.45,-19.43,4.25,0,19.50,13.00,19.68,0,0,0,0,0,0,0,2,0,0
8982432,0.10,-0.20,0.00,0.74,-18.07,4.25,0,19.50,13.00,19.68,0,0,0,0,0,0,0,2,0,0
9002888,0.10,-0.20,0.00,0.45,-19.43,4.25,0,19.50,13.00,19.68,0,0,0,0,0,0,0,2,0,0
9023512,0.10,-0.20,0.00,0.55,-19.43,5.23,0,18.25,12.50,20.73,0,0,0,0,0,0,0,2,0,0
9044064,0.10,-0.20,0.00,0.74,-19.43,5.23,0,18.25,12.50,20.73,0,0,0,0,0,0,0,2,0,0
9064520,0.10,-0.20,0.00,0.45,-19.43,5.23,0,18.25,12.50,20.73,0,0,0,0,0,0,0,2,0,0
9084976,0.10,-0.20,0.00,0.65,-19.43,5.23,0,18.25,12.50,20.73,0,0,0,0,0,0,0,2,0,0
9105432,0.10,-0.20,0.00,0.45,-19.43,5.23,0,18.25,12.50,20.73,0,0,0,0,0,0,0,2,0,0
9126048,0.10,-0.20,0.00,0.55,-19.43,5.23,0,19.25,13.50,19.68,0,0,0,0,0,0,0,2,0,0
9146600,0.10,-0.20,0.00,0.65,-19.43,5.23,0,19.25,13.50,19.68,0,0,0,0,0,0,0,2,0,0
9167048,0.10,-0.20,0.00,0.55,-19.43,5.23,0,19.25,13.50,19.68,0,0,0,0,0,0,0,2,0,0
9187504,0.10,-0.20,0.00,0.45,-19.43,5.23,0,19.25,13.50,19.68,0,0,0,0,0,0,0,2,0,0
9207960,0.10,-0.20,0.00,0.65,-18.07,5.23,0,19.25,13.50,19.68,0,0,0,0,0,0,0,2,0,0
9228576,0.10,-0.20,0.00,0.65,-20.79,4.74,0,19.00,12.75,19.68,0,0,0,0,0,0,0,2,0,0
9249120,0.10,-0.20,0.00,0.35,-19.43,4.74,0,19.00,12.75,19.68,0,0,0,0,0,0,0,2,0,0
9269576,0.10,-0.20,0.00,0.65,-19.43,4.74,0,19.00,12.75,19.68,0,0,0,0,0,0,0,2,0,0
9290024,0.10,-0.20,0.00,0.65,-18.07,4.74,0,19.00,12.75,19.68,0,0,0,0,0,0,0,2,0,0
9310472,0.10,-0.20,0.00,0.55,-19.43,4.74,0,19.00,12.75,19.68,0,0,0,0,0,0,0,2,0,0
9331088,0.10,-0.20,0.00,0.65,-18.07,4.74,0,19.00,13.00,19.68,0,0,0,0,0,0,0,2,0,0
9351640,0.10,-0.20,0.00,0.45,-18.07,4.74,0,19.00,13.00,19.68,0,0,0,0,0,0,0,2,0,0
9372096,0.10,-0.20,0.00,0.65,-19.43,4.74,0,19.00,13.00,19.68,0,0,0,0,0,0,0,2,0,0
9392544,0.10,-0.20,0.00,0.74,-19.43,4.74,0,19.00,13.00,19.68,0,0,0,0,0,0,0,2,0,0
9412992,0.10,-0.20,0.00,0.65,-19.43,4.74,0,19.00,13.00,19.68,0,0,0,0,0,0,0,2,0,0
9433616,0.10,-0.20,0.00,0.65,-22.15,6.70,0,18.50,13.00,19.68,0,0,0,0,0,0,0,2,0,0
9454160,0.10,-0.20,0.00,0.74,-19.43,6.70,0,18.50,13.00,19.68,0,0,0,0,0,0,0,2,0,0
9474608,0.10,-0.20,0.00,0.45,-19.43,6.70,0,18.50,13.00,19.68,0,0,0,0,0,0,0,2,0,0
9495064,0.10,-0.20,0.00,0.45,-19.43,6.70,0,18.50,13.00,19.68,0,0,0,0,0,0,0,2,0,0
9515520,0.10,-0.20,0.00,0.55,-20.79,6.70,0,18.50,13.00,19.68,0,0,0,0,0,0,0,2,0,0
9536136,0.10,-0.20,0.00,0.35,-18.07,7.67,0,19.25,13.25,19.68,0,0,0,0,0,0,0,2,0,0
9556688,0.10,-0.20,0.00,0.55,-18.07,7.67,0,19.25,13.25,19.68,0,0,0,0,0,0,0,2,0,0
9577144,0.10,-0.20,0.00,0.74,-19.43,7.67,0,19.25,13.25,19.68,0,0,0,0,0,0,0,2,0,0
9597592,0.10,-0.20,0.00,0.65,-19.43,7.67,0,19.25,13.25,19.68,0,0,0,0,0,0,0,2,0,0
9618048,0.10,-0.20,0.00,0.65,-19.43,7.67,0,19.25,13.25,19.68,0,0,0,0,0,0,0,2,0,0
9638656,0.10,-0.20,0.00,0.55,-19.43,6.21,0,18.25,13.25,20.73,0,0,0,0,0,0,0,2,0,0
9659216,0.10,-0.20,0.00,0.74,-18.07,6.21,0,18.25,13.25,20.73,0,0,0,0,0,0,0,2,0,0
9679664,0.10,-0.20,0.00,0.55,-19.43,6.21,0,18.25,13.25,20.73,0,0,0,0,0,0,0,2,0,0
9700120,0.10,-0.20,0.00,0.45,-19.43,6.21,0,18.25,13.25,20.73,0,0,0,0,0,0,0,2,0,0
9720576,0.10,-0.20,0.00,0.65,-20.79,6.21,0,18.25,13.25,20.73,0,0,0,0,0,0,0,2,0,0
9741200,0.10,-0.20,0.00,0.45,-18.07,5.23,0,19.00,12.75,19.68,0,0,0,0,0,0,0,2,0,0
9761752,0.10,-0.20,0.00,0.55,-19.43,5.23,0,19.00,12.75,19.68,0,0,0,0,0,0,0,2,0,0
9782216,0.10,-0.20,0.00,0.65,-18.07,5.23,0,19.00,12.75,19.68,0,0,0,0,0,0,0,2,0,0
9802672,0.10,-0.20,0.00,0.65,-20.79,5.23,0,19.00,12.75,19.68,0,0,0,0,0,0,0,2,0,0
9823136,0.10,-0.20,0.00,0.74,-18.07,5.23,0,19.00,12.75,19.68,0,0,0,0,0,0,0,2,0,0
9843768,0.10,-0.20,0.00,0.55,-19.43,4.74,0,19.00,12.75,19.68,0,0,0,0,0,0,0,2,0,0
9864312,0.10,-0.20,0.00,0.45,-19.43,4.74,0,19.00,12.75,19.68,0,0,0,0,0,0,0,2,0,0
9884768,0.10,-0.20,0.00,0.35,-19.43,4.74,0,19.00,12.75,19.68,0,0,0,0,0,0,0,2,0,0
9905224,0.10,-0.20,0.00,0.35,-19.43,4.74,0,19.00,12.75,19.68,0,0,0,0,0,0,0,2,0,0
9925672,0.10,-0.20,0.00,0.35,-22.15,4.74,0,19.00,12.75,19.68,0,0,0,0,0,0,0,2,0,0
9946296,0.10,-0.20,0.00,0.74,-19.43,4.74,0,18.75,12.75,19.68,0,0,0,0,0,0,0,2,0,0
9966840,0.10,-0.20,0.00,0.55,-19.43,4.74,0,18.75,12.75,19.68,0,0,0,0,0,0,0,2,0,0
9987288,0.10,-0.20,0.00,0.45,-19.43,4.74,0,18.75,12.75,19.68,0,0,0,0,0,0,0,2,0,0
10007744,0.10,-0.20,0.00,0.45,-22.15,4.74,0,18.75,12.75,19.68,0,0,0,0,0,0,0,2,0,0
10028200,0.10,-0.20,0.00,0.55,-19.43,4.74,0,18.75,12.75,19.68,0,0,0,0,0,0,0,2,0,0
10048824,0.10,-0.20,0.00,0.55,-19.43,4.74,0,19.00,13.00,19.68,0,0,0,0,0,0,0,2,0,0
10069368,0.10,-0.20,0.02,0.16,-18.07,4.74,0,19.00,13.00,19.68,0,0,0,0,0,0,0,2,0,0
10089816,0.10,-0.20,0.00,0.74,-20.79,4.74,0,19.00,13.00,19.68,0,0,0,0,0,0,0,2,0,0
10110272,0.10,-0.20,0.00,0.55,-18.07,4.74,0,19.00,13.00,19.68,0,0,0,0,0,0,0,2,0,0
10130728,0.10,-0.20,0.00,0.74,-18.07,4.74,0,19.00,13.00,19.68,0,0,0,0,0,0,0,2,0,0
10151344,0.10,-0.20,0.00,0.16,-18.07,4.25,0,18.25,12.50,19.68,0,0,0,0,0,0,0,2,0,0
10171888,0.10,-0.20,0.00,0.55,-19.43,4.25,0,18.25,12.50,19.68,0,0,0,0,0,0,0,2,0,0
